"Page","Citations"
"https://prestyj.com/blog/branded-calling-pricing-comparison-2026","1190"
"https://prestyj.com/blog/ai-voice-agent-costs-compared","950"
"https://www.prestyj.com/blog/ai-lead-response-systems-2026","856"
"https://prestyj.com/blog/best-branded-calling-for-it-services-msps-2026","743"
"https://prestyj.com/blog/ai-cold-outreach-vs-human-2026","685"
"https://prestyj.com/blog/ai-sales-agent-pricing-guide-2026","600"
"https://prestyj.com/blog/lead-reactivation-for-home-services","442"
"https://prestyj.com/blog/ai-sales-agent-vs-human-sdr-cost","387"
"https://prestyj.com/blog/video-ad-testing-pricing-2026","373"
"https://prestyj.com/blog/voice-agent-testing-pricing-2026","332"
"https://prestyj.com/blog/ai-voice-agent-pricing-guide","322"
"https://prestyj.com/blog/ai-voice-platforms-vs-answering-services-cost-hvac-2026","310"
"https://prestyj.com/blog/annual-savings-contractors-switching-from-answering-services-to-ai-2026","275"
"https://prestyj.com/blog/sales-ai-agent-vs-human-cost-comparison-2026","266"
"https://prestyj.com/blog/lead-reactivation-statistics","250"
"https://prestyj.com/blog/posting-frequency-by-platform-2026","248"
"https://prestyj.com/blog/ai-sales-agents-vs-human-sdr-conversion-rates-2026","243"
"https://prestyj.com/blog/voice-ai-vs-call-center-cost-multifamily-property-management-2026","226"
"https://prestyj.com/blog/ai-answering-services-vs-traditional-answering-services-contractors-2026","211"
"https://prestyj.com/blog/custom-ai-agent-vs-off-the-shelf-3-year-tco","207"
"https://prestyj.com/blog/ai-sales-automation-vs-hiring-sdrs-roi-case-study-2026","198"
"https://prestyj.com/blog/database-reactivation-campaign-roi-home-services-2026","191"
"https://prestyj.com/blog/done-for-you-ai-agents-guide","173"
"https://prestyj.com/blog/cost-to-automate-mortgage-borrower-communication-2026","162"
"https://prestyj.com/blog/hidden-costs-of-ai-voice-agents-2026","152"
"https://prestyj.com/blog/branded-calling-cost-per-call-comparison-2026","125"
"https://prestyj.com/blog/ai-lead-response-pricing-guide-2026","123"
"https://prestyj.com/blog/ai-calling-software-pricing-comparison","101"
"https://prestyj.com/blog/database-reactivation-roi-calculator-home-services-2026","90"
"https://prestyj.com/blog/ai-sales-automation-pricing-guide","83"
"https://prestyj.com/blog/social-media-pricing-by-volume-tier-real-numbers-2026","79"
"https://prestyj.com/blog/ai-voice-agent-pricing-for-hvac","79"
"https://prestyj.com/blog/ai-receptionist-vs-answering-service-2026","74"
"https://prestyj.com/blog/hvac-answering-service-cost-comparison-2026","70"
"https://prestyj.com/blog/ugc-vs-ai-video-conversion-statistics-2026","69"
"https://prestyj.com/blog/speed-to-lead-statistics","68"
"https://prestyj.com/blog/ai-voice-agent-integration-guide-2026","67"
"https://prestyj.com/blog/cost-per-lead-reduction-conversational-ai-2026","62"
"https://prestyj.com/blog/best-ai-tools-real-estate-teams-2026","61"
"https://prestyj.com/blog/speed-to-lead-for-home-services","57"
"https://prestyj.com/blog/home-service-lead-reactivation-campaign-timing-2026","56"
"https://prestyj.com/blog/ai-receptionist-vs-answering-service-contractors","52"
"https://prestyj.com/blog/average-response-rate-database-reactivation-home-services-2026","51"
"https://prestyj.com/blog/video-ad-testing-benchmarks-by-industry-2026","51"
"https://prestyj.com/solutions/ai-objection-handling","48"
"https://prestyj.com/blog/ai-agent-tco-in-house-vs-platform-2026","48"
"https://prestyj.com/solutions/ai-voice-agent-pricing","42"
"https://prestyj.com/blog/dormant-lead-reactivation-software-real-estate-2026","42"
"https://prestyj.com/blog/lowest-setup-cost-ai-voice-agent-pilot-2026","40"
"https://prestyj.com/blog/ai-agent-builder-platforms-tco-comparison-2026","40"
"https://prestyj.com/blog/ai-voice-agent-setup-costs","40"
"https://prestyj.com/blog/multilingual-ai-voice-agent-qa-pricing-models-2026","40"
"https://prestyj.com/blog/ai-consultant-pricing-guide-2026","38"
"https://prestyj.com/blog/ai-voice-agent-pricing-for-plumbing","37"
"https://prestyj.com/blog/ai-voice-agent-vs-human-receptionist","31"
"https://prestyj.com/blog/best-ai-tools-real-estate","31"
"https://prestyj.com/blog/ai-sales-agent-for-home-services","30"
"https://prestyj.com/blog/ai-personalized-outreach-volume-economics-2026","28"
"https://prestyj.com/blog/average-cost-per-qualified-lead-outbound-voice-automation-vs-human-sdrs-2026","28"
"https://prestyj.com/blog/ai-voice-agent-cost-per-minute-at-scale-2026","28"
"https://prestyj.com/blog/ai-voice-agent-statistics-2026","28"
"https://prestyj.com/blog/evaluate-roi-ai-generated-ugc-ads-2026","27"
"https://prestyj.com/blog/ai-lead-response-statistics-2026","27"
"https://prestyj.com/blog/ai-texting-agent-pricing-guide","26"
"https://prestyj.com/blog/ai-voice-agent-pricing-for-mortgage","25"
"https://prestyj.com/blog/ai-voice-agent-pricing-for-property-management","24"
"https://prestyj.com/blog/ai-appointment-setting-pricing-guide","23"
"https://prestyj.com/blog/ai-voice-agent-enterprise-pricing-breakdown-2026","21"
"https://prestyj.com/blog/ai-lead-response-for-roofing","18"
"https://prestyj.com/blog/lead-response-time-benchmarks-by-industry","17"
"https://prestyj.com/blog/ai-rollout-consulting-2026","17"
"https://prestyj.com/solutions/lead-reactivation","15"
"https://prestyj.com/blog/live-answering-services-vs-ai-voice-agents-hvac-emergencies-2026","15"
"https://prestyj.com/blog/lead-reactivation-pricing-guide","15"
"https://prestyj.com/blog/ai-agents-regulated-insurance-services-pricing-2026","14"
"https://prestyj.com/blog/ai-cold-outreach-vs-manual-emails-effectiveness-2026","13"
"https://prestyj.com/blog/ai-voice-agent-pricing-for-insurance","11"
"https://prestyj.com/blog/ai-receptionist-vs-human-cost-2026","11"
"https://prestyj.com/solutions/ai-missed-call-text-back","11"
"https://prestyj.com/blog/done-for-you-ai-pricing-guide","10"
"https://prestyj.com/blog/true-cost-of-in-house-video-production-2026","10"
"https://prestyj.com/best-for/ai-voice-receptionist-dental","9"
"https://prestyj.com/blog/ai-make-46000-calls-per-month-without-hiring-sdrs-2026","8"
"https://prestyj.com/blog/ai-sales-text-messaging","8"
"https://prestyj.com/solutions/ai-lead-generation","8"
"https://prestyj.com/blog/speed-to-lead-for-real-estate-complete-guide","8"
"https://prestyj.com/blog/annual-savings-switching-from-in-house-video-to-batch-ai-2026","8"
"https://prestyj.com/blog/real-estate-database-reactivation-ai","7"
"https://prestyj.com/blog/hidden-costs-of-video-production-agencies-2026","7"
"https://prestyj.com/blog/tiktok-ad-creative-testing-guide-2026","7"
"https://prestyj.com/solutions/roofing","7"
"https://prestyj.com/blog/done-for-you-social-media-statistics-2026","6"
"https://prestyj.com/blog/ai-receptionist-cost-per-industry-2026","6"
"https://prestyj.com/solutions/ai-cold-calling","6"
"https://prestyj.com/blog/missed-call-text-back-conversion-rate-improvement-contractors-2026","6"
"https://prestyj.com/blog/isa-cost-2026","5"
"https://prestyj.com/blog/meta-ad-creative-testing-guide-2026","5"
"https://prestyj.com/blog/ai-receptionist-roi-by-industry","5"
"https://prestyj.com/blog/bilingual-ai-receptionist-pricing-guide","4"
"https://prestyj.com/blog/ai-consultant-project-timeline-2026","4"
"https://prestyj.com/blog/custom-ai-agent-build-cost-breakdown-2026","3"
"https://prestyj.com/blog/ai-receptionist-vs-human-receptionist-2026","2"
"https://prestyj.com/blog/lead-reactivation-guide","2"
"https://prestyj.com/solutions/ai-lead-response","1"
"https://prestyj.com/blog/ai-voice-agent-pricing-for-dental","1"
"https://prestyj.com/blog/hipaa-compliant-ai-receptionist","1"
"https://prestyj.com/birmingham-michigan-neighborhoods-a-comprehensive-guide-to-explore/","1"
