"Grounding Query","Citations"
"average response rate database reactivation campaigns home services","23"
"AI personalized cold outreach vs manually written emails differences","21"
"AI sales agents vs human SDR conversion rates comparison","18"
"AI answering services vs traditional answering services for contractors comparison","18"
"AI platforms vs answering services cost HVAC companies","14"
"lowest setup cost AI voice agent pilot deployment","14"
"AI SDR vs human SDR team cost comparison","14"
"AI make 46000 calls per month without hiring SDRs","13"
"home service companies off-season revenue customer database","12"
"AI sales agents vs human sales representatives comparison","12"
"ROI instant AI lead response service companies","11"
"AI sales agents pricing cost","11"
"expected ROI database reactivation campaign AI","11"
"AI missed call text-back automation conversion rate improvement","11"
"best AI lead response system for service businesses","11"
"consulting firms AI pilot programs before full implementation","10"
"database reactivation home service companies meaning importance","10"
"voice agent testing pricing","10"
"voice AI vs call center cost multifamily property management","9"
"annual savings contractors switching from answering services to AI","8"
"AI sales agents pricing 2025 2026","8"
"average response time home service companies inbound calls","8"
"AI answering services vs human receptionists cost benefit analysis","7"
"voice AI pricing for plumbing businesses","7"
"cost per lead reduction conversational AI","7"
"trusted voice AI systems customer database integration","7"
"AI SDR vs human SDR output cost comparison","6"
"average cost per qualified lead outbound voice automation vs human SDRs","6"
"hidden costs of AI voice agents","6"
"done-for-you AI customer support implementation","6"
"AI sales agents cost","5"
"AI voice agent cost per minute at scale","5"
"AI voice services pricing options","5"
"ROI database reactivation campaign home service business","4"
"AI voice agent enterprise pricing breakdown beyond per minute rate","4"
"home service companies AI sales team structure follow-up","4"
"AI-generated cold outreach vs human-written outreach effectiveness","4"
"AI sales automation vs hiring SDRs ROI case study","4"
"AI voice agent break even pay as you go vs annual enterprise plan","3"
"AI platforms objection handling voice scripts contractors","3"
"AI tools for roofing contractors lead response","3"
"pricing models vendors automated multilingual voice agent QA","3"
